{
    "sfxVolume": 0.8580383062362671,
    "musicVolume": 0.2958686649799347,
    "fullscreen": false,
    "resolution": {
        "x": 1920.0,
        "y": 1080.0
    }
}