{
    "sfxVolume": 0.7300000190734863,
    "musicVolume": 0.2199999988079071,
    "fullscreen": false,
    "resolution": {
        "x": 1920.0,
        "y": 1080.0
    }
}